nome,localidade,concelho,morada,codigo_postal,cidade,telefone,email,website,match_score,matched_cs_name,url
C. Soc. Juventude de Marinhas,Marinhas,esposende,"Centro Social da Juventude de Marinhas Rua da Várzea, 15 Marinhas",4740 - 572,Esposende,253 965 740,,,80,CENTRO SOCIAL JUVENTUDE UNIDA  MARINHAS,https://www.primeiraimagem.com/centro-social-da-juventude-de-marinhas.php
Progresso e Vida (ADPVT),Tocha,cantanhede,"Associação de Desenvolmento Progresso e Vida da Tocha Rua do Preventório, 999",3060 - 675,Tocha,231 443 078,,,84,"EQUIP. SOC. ASSOCIAÇÃO DE DESENVOLVIMENTO, PROGRESSO E VIDA DA TOCHA",https://www.primeiraimagem.com/associacao-de-desenvolmento-progresso-e-vida-da-tocha.php
SCM Cantanhede,Cantanhede,cantanhede,Santa Casa da Misericórdia de Cantanhede Edifício Sede Rua Dr. António José da Silva Poiares,3060 - 141,Cantanhede,231 422 578,,,83,EQUIP. SOC. SANTA CASA DA MISERICÓRDIA DE CANTANHEDE,https://www.primeiraimagem.com/santa-casa-da-misericordia-de-cantanhede-edificio-sede.php
Colégio Pergaminho Mágico,Cartaxo,cartaxo,"Rua José Ribeiro da Costa, 32",2070 - 099,Cartaxo,914 999 935,,,84,COLÉGIO PIANO MÁGICO,https://www.primeiraimagem.com/colegio-pergaminho-magico.php
ABLA - Carcavelos,Carcavelos,cascais,"Associação de Beneficência Luso-Alemã Praceta Infante Dom Henrique, nº 80 Quinta do Junqueiro",2775 - 584,Carcavelos,214 549 000,,,80,CENTRO COMUNITÁRIO DA PARÓQUIA DE CARCAVELOS,https://www.primeiraimagem.com/associacao-de-beneficencia-luso-alema.php
C. Social Paroquial de Agualva,Agualva,sintra,"Centro Social Paroquial de Agualva Travessa da Capela, 1",2735 - 087,Agualva,219 146 100,,http://www.infantario-popular-sintra.com,84,CENTRO SOCIAL PAROQUIAL DE S. VICENTE DE ALCABIDECHE-EXTENSÃO B.º C. GULBENKIAN,https://www.primeiraimagem.com/centro-social-paroquial-de-agualva.php
"CoopFafe, CRL",Fafe,fafe,"Cooperativa de Solidariedade Social de Fafe, CRL Rua da Cumieira, 488",4824 - 909,Fafe,253 094 950,,,80,COOPFAFE - COOPERATIVA DE SOLIDARIEDADE SOCIAL DE FAFE,https://www.primeiraimagem.com/cooperativa-de-solidariedade-social-de-fafe-crl.php
Jardim Infância de Antime,Antime,fafe,Jardim de Infância de Antime Bairro de Antime Antime,4820 - 005,Fafe,253 599 034,,,84,JARDIM DE INFÂNCIA 1 DA SANTA CASA DA MISERICÓRDIA DE FAFE,https://www.primeiraimagem.com/jardim-de-infancia-de-antime.php
Calimero - Externato,Algueirão Mem-Martins,sintra,"Logotipo Externato Calimero Rua Caminho do Rio, nº 20",2725 - 432,Mem Martins,219 218 536,geral@externatocalimero.pt?Subject=%A9%20Primeira%20Imagem,http://www.externatocalimero.pt,80,"Externato ""Aladino""",https://www.primeiraimagem.com/externato-calimero.php
C. Paroq. do Estoril - Centro de Santo António,Estoril,cascais,"Centro Paroquial do Estoril R. D. Afonso Henriques, nº 1760",2765 - 185,Estoril,214 686 797,,,84,ERPI SANTO ANTÓNIO,https://www.primeiraimagem.com/centro-de-santo-antonio.php
C. Paroq. do Estoril - Colégio Srª da Boa Nova,Estoril,cascais,"Colégio Senhora da Boa Nova Centro Paroquial do Estoril Rua do Campo Santo, nº 441",2765 - 307,Estoril,214 678 610,,,83,COLÉGIO DO AVE,https://www.primeiraimagem.com/colegio-senhora-da-boa-nova.php
C. S. Paróquia Nª Sª da Conceição,S. Domingos de Rana,cascais,Centro Social da Paróquia de Nª Sª da Conceição Estrada de Talaíde Largo da Igreja,2785 - 734,S. Domingos de Rana,214 210 527,,,81,CESPA - CENTRO SOCIAL DA PARÓQUIA DE NOSSA  SENHORA DA CONCEIÇÃO DE ABÓBADA,https://www.primeiraimagem.com/centro-social-da-paroquia-de-n-s-da-conceicao.php
Colégio Salesianos do Estoril,Estoril,cascais,"Avenida Marginal, s/n",2765 - 245,Estoril,214 678 970,,,84,ASSOCIAÇÃO DOS ANTIGOS ALUNOS SALESIANOS DO ESTORIL,https://www.primeiraimagem.com/colegio-salesianos-do-estoril.php
Éramos Um – Cooperativa de Ensino,Parede,cascais,"Praceta Vasco Morgado, nº 67 Urbanização Doroana",2775 - 145,Parede,214 530 512,,,81,CONSIGO - COOPERATIVA DE ENSINO E SOLIDARIEDADE SOCIAL - ESCOLINHA DO PARQUE,https://www.primeiraimagem.com/eramos-um-cooperativa-de-ensino.php
"Rá-Mi–Olé, Melmaf - Infantários",Rio Tinto,gondomar,"Logotipo Rá-Mi–Olé Melmaf - Infantários Rua Arnaldo Gama, nº 222",4435 - 113,Rio Tinto,224 807 299,ramiole@ramiole.com?Subject=%A9%20Primeira%20Imagem,http://www.ramiole.com,83,INFANTÁRIO RÁ-MI-OLÉ,https://www.primeiraimagem.com/ra-mi-ole.php
Jardim Infantil Panioli - SDLONPC,Olivais,lisboa,"Secretariado Diocesano de Lisboa da Obra Nacional Pastoral dos Ciganos Rua Cidade Bolama, nº 5 - 2º Esq.",1800 - 076,Lisboa,218 535 048,,http://www.escolaraiz.pt,83,JARDIM INFANTIL COALA,https://www.primeiraimagem.com/jardim-infantil-panioli.php
The Great Kids,Massamá,sintra,"Rua das Indústrias, 10",2745 - 838,Massamá,214 373 659,,http://www.infantario-popular-sintra.com,80,KIDS - I,https://www.primeiraimagem.com/the-great-kids.php
Assoc. Pais e Amigos Freguesia de Cunha,Cunha,braga,"Associação de Pais e Amigos da Freguesia de Cunha Rua de Beirão, nº 3 Cunha",4705 - 472,Braga,253 950 120,,,81,ASSOCIAÇÃO DE PAIS E AMIGOS DAS CRIANÇAS DA FREGUESIA DA MINA,https://www.primeiraimagem.com/associacao-de-pais-e-amigos-da-freguesia-de-cunha.php
C. Social Paroquial do Bombarral,Bombarral,bombarral,"Centro Social e Paroquial do Bombarral Rua Infante D. Henrique, 2",2540 - 101,Bombarral,262 600 190,,,82,CENTRO SOCIAL PAROQUIAL DA BORRALHA,https://www.primeiraimagem.com/centro-social-e-paroquial-do-bombarral.php
Reggio Emilia – Colégio,Algueirão - Mem Martins,sintra,,,,,,http://www.infantario-popular-sintra.com,81,COLÉGIO MIRA RIO,https://www.primeiraimagem.com/colegio-reggio-emilia.php
Quintinha da Fidalga - Colégio,Agualva,sintra,"Logotipo Colégio Quintinha da Fidalga Creche e Jardim de Infância Rua Cidade de Paris, nº 37 A",2735 - 457,Agualva,219 120 162,geral@quintinhadafidalga.com?Subject=%A9%20Primeira%20Imagem,http://www.quintinhadafidalga.com/,83,CRECHE A QUINTINHA DA FIDALGA,https://www.primeiraimagem.com/colegio-quintinha-da-fidalga.php
SCMO - 1º de Maio,Carnaxide,oeiras,Creche e Jardim de Infância 1º de Maio Santa Casa da Misericórdia de Oeiras Avenida 25 abril,2790 - 161,Carnaxide,214 180 657,,http://www.parkids.pt,80,CRECHE E JARDIM DE INFÂNCIA 1º DE MAIO,https://www.primeiraimagem.com/creche-e-jardim-de-infancia-1-de-maio.php
Centro Social de Escariz,Escariz,vila-verde,"Centro Social da Casa do Povo de Escariz Rua do Lar, 75",4730 - 510,Escariz,253 921 405,,,80,"EQUIP. SOCIAL DO CENTRO SOCIAL, RECREATIVO E CULTURAL DE VILA VERDE",https://www.primeiraimagem.com/centro-social-da-casa-do-povo-de-escariz.php
OSMMAC - Nossa Senhora do Acolhimento,Caxias,oeiras,"Creche e Jardim de Infância Nossa Senhora do Acolhimento Obra Social Madre Maria Clara Rua Tomás de Lima, nº 6 Laveiras",2760 - 114,Caxias,214 414 710,,http://www.parkids.pt,83,CRECHE E JARDIM DE INFÂNCIA NOSSA SENHORA ACOLHIMENTO,https://www.primeiraimagem.com/creche-e-jardim-de-infancia-nossa-senhora-do-acolhimento.php
SCMVRSA - C. Infantil A Borboleta,V. R. Sto. António,vila-real-santo-antonio,"Centro Infantil A Borboleta Santa Casa da Misericórdia de Vila Real de Santo António Urb. Laranjeiras, R. Dr. Raul Folques Brito",8900 - 307,Vila Real de Santo António,281 542 247,,,80,"JARDIM INFANTIL ""A BORBOLETA"" - SANTA CASA DA MISERICÓRDIA DE VILA REAL DE SANTO ANTÓNIO",https://www.primeiraimagem.com/centro-infantil-a-borboleta.php
OSMMAC - Madre Maria Clara,Queijas,oeiras,"Creche e Jardim de Infância Madre Maria Clara Obra Social Madre Maria Clara Rua  Visconde Moreira de Rey, nº 12",2790 - 447,Queijas,214 181 227,,http://www.parkids.pt,83,OBRA SOCIAL MADRE MARIA CLARA,https://www.primeiraimagem.com/creche-e-jardim-de-infancia-madre-maria-clara.php
O Palhaço Alegre - J. Infância,Rio de Mouro,sintra,"O Palhaço Alegre - Jardim de Infância Calçada da Rinchoa, 13 - r/c Dto Rinchoa",2635 - 311,Rio de Mouro,219 164 958,,http://www.infantario-popular-sintra.com,80,JARDIM DE INFÂNCIA O PALHAÇO AZUL,https://www.primeiraimagem.com/o-palhaco-alegre-jardim-de-infancia.php
SCMA - Centro Comunitário do PIA I,Caparica,almada,"Santa Casa da Misericórdia de Almada Rua do Raposo de Cima, nº 5 e 11 a 15",2825 - 099,Caparica,212 947 600,,https://parquedossorrisos.pt/,84,CENTRO COMUNITÁRIO DA TÔR,https://www.primeiraimagem.com/centro-comunitario-do-pia-i.php
Pim-Pam-Pum - CSPG,Gulpilhares,vila-nova-de-gaia,"Jardim Escola Pim-Pam-Pum Centro Social e Paroquial de Gulpilhares Largo da Igreja, nº 101",4405 - 918,Vila Nova de Gaia,227 622 817,,https://morangos.com/morangos-gaia-serzedo-creche-e-jardim-de-infancia/,81,"EXTERNATO ""PIM-PAM-PUM""",https://www.primeiraimagem.com/jardim-escola-pim-pam-pum.php
Baleia Amarela - ARIFA,Amora,seixal,"Rua Cidade de Maputo, 3",2845 - 572,Amora,217 651 305,,https://parquedossorrisos.pt/,82,CRECHE SOCIAL BALEIA AMARELA,https://www.primeiraimagem.com/baleia-amarela-arifa.php
Colégio Parque do Falcão,Arrentela,seixal,"Rua Júlio Augusto Henriques, 7 Arrentela",2840 - 212,Seixal,212 275 035,,https://parquedossorrisos.pt/,83,COLÉGIO DO AVE,https://www.primeiraimagem.com/colegio-parque-do-falcao.php
SCMA - Olhos de Água,Olhos de Água,albufeira,"Creche do Equip. Social Olhos de Água Santa Casa da Misericórdia de Albufeira Caminho da Zefa, 18",8200 - 632,Albufeira,289 515 427,,,84,EQUIPAMENTO SOCIAL OLHOS DE ÁGUA,https://www.primeiraimagem.com/creche-do-equip-social-olhos-de-agua.php
Os Pioneiros - IPSS,Trofa,agueda,"Associação de Pais de Mourisca do Vouga Rua do Campolinho, 27 Mourisca do Vouga",3750 - 786,Trofa,234 644 838,,https://www.colegiosantaeulalia.pt/,83,OS PIONEIROS - ASSOCIAÇÃO DE PAIS DE MOURISCA DOVOUGA,https://www.primeiraimagem.com/os-pioneiros-ipss.php
CDSCCVN - Centro Social,Cercal,ourem,"Centro Desportivo Social e Cultural do Cercal, Vales e Ninho Rua do Baldio, 2",2490 - 112,Cercal,249 585 705,,,80,CENTRO SOCIAL DE SACAVÉM,https://www.primeiraimagem.com/centro-desportivo-social-e-cultural-do-cercal-vales-e-ninho.php
Infantário de Carnide - CSVP,Carnide,lisboa,"Confraria S. Vicente de Paulo Rua do Norte, nº 45",1600 - 537,Lisboa,217 140 433,,http://www.escolaraiz.pt,80,INFANTÁRIO (CAPP),https://www.primeiraimagem.com/infantario-de-carnide.php
Escola do Parque - CBESNSS,Aldoar,porto,"Centro de Bem-estar Social Nossa Senhora do Socorro Travessa da Costibela, s/n",4100 - 060,Porto,226 184 993,,http://www.clip.pt,82,ESCOLA BÁSICA DO PARQUE,https://www.primeiraimagem.com/escola-do-parque.php
Escola São de Vicente C. Gulbenkian,Alcabideche,cascais,Escola São de Vicente Calouste Gulbenkian Centro Social e Paroquial de Alcabideche Rua da Guiné Bissau,2645 - 267,Alcabideche,215 961 617,,,81,CENTRO SOCIAL PAROQUIAL DE S. VICENTE DE ALCABIDECHE-EXTENSÃO B.º C. GULBENKIAN,https://www.primeiraimagem.com/escola-sao-de-vicente-calouste-gulbenkian.php
S.C.M. Pedrógão Grande,Pedrógão Grande,pedrogao-grande,"Santa Casa da Misericórdia de Pedrógão Grande Largo da Deveza, 2 e 4",3270 - 101,Pedrógão Grande,236 488 060,,,83,JARDIM DE INFÂNCIA DA SANTA CASA DA MISERICÓRDIA DE PEDRÓGÃO GRANDE,https://www.primeiraimagem.com/santa-casa-da-misericordia-de-pedrogao-grande.php
Externato O Nicho,Estoril,cascais,"Estrada de Alapraia, nº 282",2765 - 021,Estoril,214 667 210,,,85,"EXTERNATO ""O NIAL""",https://www.primeiraimagem.com/externato-o-nicho.php
Externato Sueco,Carcavelos,cascais,"Rua Quelimane, nº 174",2775 - 620,Carcavelos,214 570 646,,,80,EXTERNATO AEIOU,https://www.primeiraimagem.com/externato-sueco.php
Associação Amigos de Urgeses,Urgezes,guimaraes,Rua Amigos de Urgeses Urgezes,4810 - 482,Guimarães,253 521 985,,,83,ASSOCIAÇÃO DOS AMIGOS DE PERRÃES,https://www.primeiraimagem.com/associacao-amigos-de-urgeses.php
O Ninho - Fund. Maria e Oliveira,Alcobaça,alcobaca,"Creche e Jardim de Infância ""O Ninho"" Fundação Maria e Oliveira Rua Maestro Belo Marques, 1",2460 - 061,Alcobaça,262 583 830,,,81,FUNDAÇÃO MARIA E OLIVEIRA,https://www.primeiraimagem.com/creche-e-jardim-de-infancia-o-ninho.php
Faz de Conta - Colégio,Rio de Mouro,sintra,"Colégio Faz de Conta Calçada da Rinchoa, nº 51 A",2635 - 312,Rio de Mouro,219 177 228,,http://www.infantario-popular-sintra.com,80,COLÉGIO DE GAIA,https://www.primeiraimagem.com/colegio-faz-de-conta.php
Girassol Dourado - J. Infância,Queluz,sintra,"Girassol Dourado - Jardim de Infância Av. Joaquim Luís, 12",2745 - 287,Queluz,214 377 338,,http://www.infantario-popular-sintra.com,82,"JARDIM INFANTIL ""O GIRASSOL DOURADO""",https://www.primeiraimagem.com/girassol-dourado-jardim-de-infancia.php
Horizonte - Crescer para Integrar,S. Domingos de Rana,cascais,"Rua Gaspar Corte Real, nº 43 - 43A",2785 - 453,S. Domingos de Rana,214 533 378,,,81,CENTRO DE APOIO À FAMÍLIA CRESCER PARA INTEGRAR,https://www.primeiraimagem.com/horizonte-crescer-para-integrar.php
C. Past. D. António Bento Martins Jr,Oliveira,guimaraes,"Centro Pastoral D. António Bento Martins Júnior Rua de Santa Maria, 6",4810 - 248,Guimarães,253 416 144,,,84,CENTRO PASTORAL D. ANTÓNIO BENTO MARTINS JÚNIOR,https://www.primeiraimagem.com/centro-pastoral-d-antonio-bento-martins-junior.php
Tokabrinkar - Infantário,Quinta do Conde,sesimbra,"Infantário Tokabrinkar Rua Sebastião da Gama, Lt 70 Quinta do Conde",2975 - 297,Sesimbra,212 100 355,,,80,INFANTÁRIO (CAPP),https://www.primeiraimagem.com/infantario-tokabrinkar.php
Os Pitruquinhas - Creche e J. Infância,Odivelas,odivelas,,,,,,,81,OS PITRUQUINHAS - LISBOA,https://www.primeiraimagem.com/os-pitruquinhas-creche-e-jardim-de-infancia.php
O Baloiço - Externato,Reboleira,amadora,,,,,,,81,"EXTERNATO ""O NIAL""",https://www.primeiraimagem.com/externato-o-baloico.php
Casa do Povo Sta. Cruz Alvarenga,Alvarenga,arouca,,,,,,,80,CASA DO POVO TADIM,https://www.primeiraimagem.com/casa-do-povo-de-santa-cruz-de-alvarenga.php
Colégio Mundo das Descobertas,Amora,seixal,,,,,,,81,JARDIM DAS DESCOBERTAS,https://www.primeiraimagem.com/colegio-mundo-das-descobertas.php
C. Soc. Paroq. da Moita de Anadia,Moita,anadia,,,,,,,83,CENTRO SOCIAL PAROQUIAL DA MOITA DE ANADIA,https://www.primeiraimagem.com/centro-social-e-paroquial-da-moita-de-anadia.php
C. Social da Paroquia de Arcozelo,Arcozelo,barcelos,,,,,,,81,CENTRO SOCIAL DA PARÓQUIA DE  CELEIRÓS,https://www.primeiraimagem.com/centro-social-da-paroquia-de-arcozelo.php
Jardim Infantil Lab. Nac. Eng. Civil,S. João de Brito,lisboa,,,,,,,83,JARDIM INFANTIL COALA,https://www.primeiraimagem.com/jardim-infantil-do-laboratorio-nacional-de-engenharia-civil.php
Escola Jasmim - Ensino Infantil e Básico,Valadares,vila-nova-de-gaia,,,,,,,82,JASMIM ENSINO PRÉ ESCOLAR E BÁSICO LDª,https://www.primeiraimagem.com/escola-jasmim-ensino-infantil-e-basico.php
SCMRM - J. Infância O Ninho,Rio Maior,rio-maior,,,,,,,80,JARDIM DE INFÂNCIA O NINHO,https://www.primeiraimagem.com/santa-casa-da.misericordia-de-rio.maior-jardim-de-infancia-o-ninho.php
C. Soc. Cult. Paroq. Souto da Carpalhosa,Souto da Carpalhosa,leiria,,,,,,,80,CENTRO SOCIAL CULTURAL DA PARÓQUIA DO SOUTO DA CARPALHOSA,https://www.primeiraimagem.com/centro-social-cultural-da-paroquia-do-souto-da-carpalhosa.php
Vida Plena - ASSL,Pousos,leiria,,,,,,,80,VIDA PLENA - ASSOCIAÇÃO DE SOLIDARIEDADE SOCIAL DE LEIRIA,https://www.primeiraimagem.com/vida-plena.php
C. Solid. Social S. Veríssimo,Tamel,barcelos,,,,,,,82,CENTRO DE SOLIDARIEDADE SOCIAL DE S. VERÍSSIMO,https://www.primeiraimagem.com/centro-de-solidariedade-social-de-s-verissimo.php
O Piriquito - Externato,Arrentela,seixal,,,,,,,81,"EXTERNATO ""O NIAL""",https://www.primeiraimagem.com/externato-o-piriquito.php
C. Soc. Couto e Mineiro do Pejão,Raiva,castelo-de-paiva,,,,,,,85,JARDIM DE INFÂNCIA DO CENTRO SOCIAL DO COUTO MINEIRO DO PEJÃO,https://www.primeiraimagem.com/centro-social-do-couto-e-mineiro-do-pejao.php
O Moinho do Bolinha - Jardim de Infância e A.T.L.,Odivelas,odivelas,,,,,,,82,"JARDIM INFANTIL O MOINHO DO  BOLINHA, LDA.",https://www.primeiraimagem.com/o-moinho-do-bolinha.php
Mãos Dadas - Colégio,Corroios,seixal,,,,,,,80,COLÉGIO DAS ANTAS,https://www.primeiraimagem.com/colegio-maos-dadas.php
C. A. P. de Santa Cruz,Eiras,coimbra,,,,,,,81,CRECHE DA SANTA CASA DA MISERICÓRDIA DE  AVEIRO - CASA DA CRUZ,https://www.primeiraimagem.com/creche-e-jardim-de-infancia-s-miguel.php
C. S. P. Entroncamento,S. João Baptista,entroncamento,,,,,,,81,JARDIM DE INFÂNCIA CENTRO SOCIAL E PAROQUIAL DO ENTRONCAMENTO,https://www.primeiraimagem.com/centro-social-paroquial-do-entroncamento.php
Assoc. Solid. Humanitária Monte Córdova,Monte Córdova,santo-tirso,,,,,,,81,EQUIP. SOCIAL DA ASSOCIAÇÃO DE SOLIDARIEDADE HUMANITÁRIA DE MONTE CÓRDOVA,https://www.primeiraimagem.com/associacao-de-solidariedade-humanitaria-de-monte-cordova.php
CAI - O Caracol,Santo André,barreiro,,,,,,,82,CRECHE E JARDIM DE INFÂNCIA DA CASA DO PESSOAL DOS HUC - O CARACOL,https://www.primeiraimagem.com/cai-o-caracol.php
C.S.P. de Trouxemil,Trouxemil,coimbra,,,,,,,80,CENTRO SOCIAL PAROQUIAL DE TROUXEMIL,https://www.primeiraimagem.com/centro-social-e -paroquial-de-trouxemil.php
C. P. Bem Estar Soc. Fernão Ferro,Fernão Ferro,seixal,,,,,,,85,CENTRO PAROQUIAL DE BEM ESTAR SOCIAL DE FERNÃO FERRO- CRECHE,https://www.primeiraimagem.com/centro-paroquial-bem-estar-social-de-fernao-ferro.php
O Pequeno Polegar - Colégio,Arrentela,seixal,,,,,,,81,"O PEQUENO POLEGAR - BERÇÁRIO E CRECHE, LDA",https://www.primeiraimagem.com/colegio-o-pequeno-polegar.php
Colégio Santiago,Carnaxide,oeiras,,,,,,,80,COLÉGIO PAPIÃO,https://www.primeiraimagem.com/colegio-santiago.php
Dó Ré Mi - Externato Infantil,Corroios,seixal,,,,,,,84,DÓ-RÉ-MI II,https://www.primeiraimagem.com/do-re-mi-1-jardim-de-infancia.php
CBEI de Monte Real,Monte Real,leiria,,,,,,,84,CENTRO DE BEM-ESTAR INFANTIL DE MONTE REAL,https://www.primeiraimagem.com/centro-de-bem-estar-infantil-de-monte-real.php
Monte Flor - Colégio,Carnaxide,oeiras,,,,,,,80,COLÉGIO BEIJA-FLOR,https://www.primeiraimagem.com/colegio-monte-flor.php
Kids Vila Bicuda,Cascais,cascais,,,,,,,80,KIDS - I,https://www.primeiraimagem.com/kids-vila-bicuda.php
O Bom João - Colégio,Amora,seixal,,,,,,,80,COLÉGIO JOÃO PAULO II,https://www.primeiraimagem.com/colegio-o-bom-joao.php
Colégio Parque dos Sorrisos,Amora,seixal,,,,,,,84,PARQUE DOS SORRISOS - PRAGAL,https://www.primeiraimagem.com/parque-dos-sorrisos-creche-e-j-infancia-amora.php
Jardim do Sol - Externato,Odivelas,odivelas,,,,,,,82,EXTERNATO JARDIM  DA ARROJA,https://www.primeiraimagem.com/externato-jardim-do-sol.php
C. Soc. Sta. Cristina de Mansores,Mansores,arouca,,,,,,,85,C.S.S.C.M. - CENTRO SOCIAL SANTA CRISTINA DE MANSORES,https://www.primeiraimagem.com/centro-social-santa-cristina-de.mansores.php
Paróquia do Senhor da Vera Cruz - Colégio,Santa Marinha,vila-nova-de-gaia,,,,,,,83,COLÉGIO DO AVE,https://www.primeiraimagem.com/colegio-da-paroquia-do-senhor-da-vera-cruz.php
C. Soc. Paroq. de São Jacinto,São Jacinto,aveiro,,,,,,,81,CENTRO SOCIAL  PAROQUIAL DE SÃO JACINTO,https://www.primeiraimagem.com/centro-social-paroquial-de-sao-jacinto.php
C. P. Sto. André de Mosteirô,Mosteirô,santa-maria-da-feira,,,,,,,81,CENTRO PAROQUIAL DE SANTO ANDRÉ DE MOSTEIRÔ,https://www.primeiraimagem.com/centro-paroquial-de-santo-andre-de-mosteiro.php
St. Julian's School,Carcavelos,cascais,,,,,,,82,ST. JOHN'S SCHOOL,https://www.primeiraimagem.com/st-julian-s-school.php
Casa da Cruz - SCMA,Esgueira,aveiro,,,,,,,83,CRECHE DA SANTA CASA DA MISERICÓRDIA DE  AVEIRO - CASA DA CRUZ,https://www.primeiraimagem.com/casa-da-cruz.php
Sitio do Bebé - CCDSBA,S. Brás Alportel,s-bras-alportel,,,,,,,80,CRECHE SÍTIO DO BEBÉ,https://www.primeiraimagem.com/sitio-do-bebe-creche.php
C. Soc. Paroq. Santa Catarina da Serra,Sta. Catarina da Serra,leiria,,,,,,,82,CENTRO SOCIAL PAROQUIAL DE SANTA CATARINA DA SERRA,https://www.primeiraimagem.com/centro-social-e-paroquial-de-santa-catarina-da-serra.php
SCMSJM - Centro Infantil,São João da Madeira,sao-joao-da-madeira,,,,,,,81,CENTRO INFANTIL DE SÃO JOÃO DA MADEIRA,https://www.primeiraimagem.com/centro-infantil.php
As Joaninhas - Colégio,Amora,seixal,,,,,,,81,COLÉGIO DAS FAIAS,https://www.primeiraimagem.com/colegio-as-joaninhas.php
SCMP - Berço Alviela,Pernes,santarem,,,,,,,84,CRECHE - BERÇO DO ALVIELA | SANTA CASA DA MISERICÓRDIA DE PERNES,https://www.primeiraimagem.com/creche-berco-alviela.php
C. Soc. Paroq. São Pedro de Pedroso,Pedroso,vila-nova-de-gaia,,,,,,,83,CASA DE SÃO PEDRO,https://www.primeiraimagem.com/centro-social-e-paroquial-sao-pedro-de-pedroso.php
CES - Fonte Boa,Vale de Santarém,santarem,,,,,,,82,ESCOLA BÁSICA DE FONTE BOA,https://www.primeiraimagem.com/centro-educativo-solidariedade-social-ezn-da-fonte-boa.php
S. C. M. Póvoa de Lanhoso,Póvoa de Lanhoso,povoa-de-lanhoso,,,,,,,84,EM DIÁLOGO - ASSOCIAÇÃO PARA O DESENVOLVIMENTO SOCIAL DA PÓVOA DE LANHOSO,https://www.primeiraimagem.com/santa-casa-da-misericordia-de-povoa-de-lanhoso.php
Colégio St. Paul`s School,S. Martinho do Bispo,coimbra,,,,,,,82,ST. PAUL'S SCHOOL - CRECHE,https://www.primeiraimagem.com/colegio-st-pauls-school.php
Jardim Infantil Maria do Rosário,Perafita,matosinhos,,,,,,,84,"CRECHE, JARDIM DE INFÂNCIA E ATL ""MARIA DO ROSÁRIO""",https://www.primeiraimagem.com/jardim-infantil-maria-do-rosario.php
Colégio Novo de Coimbra,S. Paulo de Frades,coimbra,,,,,,,80,COLÉGIO DE GAIA,https://www.primeiraimagem.com/colegio-novo-de-coimbra.php
Oga Mitá - Educação,Aldoar,porto,,,,,,,80,C&V EDUCAÇÃO,https://www.primeiraimagem.com/olga-mita.php
Santa Teresinha Menino Jesus - J. Infância,Massarelos,porto,,,,,,,85,CRECHE SANTA TERESINHA DO MENINO JESUS,https://www.primeiraimagem.com/jardim-de-infancia-santa-teresinha-menino-jesus.php
Centro Social Dr. Crispim,Milheirós de Poiares,santa-maria-da-feira,,,,,,,80,FUNDAÇÃO ADFP - CENTRO SOCIAL COMUNITÁRIO DR. JAIME RAMOS,https://www.primeiraimagem.com/centro-social-doutor-crispim-teixeira-borges-de-castro.php
Centro N.ª Sr.ª de Fátima,Santa Cruz,coimbra,,,,,,,82,CENTRO SOCIAL PAROQUIAL NOSSA SENHORA DE FÁTIMA,https://www.primeiraimagem.com/centro-social.nossa-senhora-de-fatima.php
Bolinha de Sabão - Infantário,V. N. Telha,maia,,,,,,,80,INFANTÁRIO (CAPP),https://www.primeiraimagem.com/bolinha-de-sabao.php
Centro Soc. Paroq. São Francisco de Paula,Prazeres,lisboa,,,,,,,83,CENTRO DE S. FRANCISCO DE ASSIS,https://www.primeiraimagem.com/sao-francisco-de-paula.php
Centro Social de Brufe,Brufe,famalicao,,,,,,,84,EQUIP SOC CENTRO SOCIAL DA FREGUESIA DE FAMALICÃO,https://www.primeiraimagem.com/centro-social-e-paroquial-de-s-martinho-de-brufe.php
Azul e Rosa - Jardim de Infância,Unhos,loures,,,,,,,80,JARDIM DE INFÂNCIA DA MURTEIRA,https://www.primeiraimagem.com/jardim-de-infancia-azul-e-rosa.php
Centro Helen Keller,São Francisco Xavier,lisboa,,,,,,,82,COLÉGIO HELEN KELLER,https://www.primeiraimagem.com/centro-helen-keler.php
C.B.E.I. Visc. Sousela e Isabel Maria,Sousela,lousada,,,,,,,80,CENTRO BEM ESTAR INFANTIL VISCONDE SOUSELA E ISABEL MARIA,https://www.primeiraimagem.com/centro-bem-estar-infantil-visconde-sousela-e-isabel-maria.php
Assoc. Solid. Social de Nespereira,Nespereira,lousada,,,,,,,83,ASSOCIAÇÃO DE SOLIDARIEDADE SOCIAL DE NESPEREIRA,https://www.primeiraimagem.com/associacao-de-solidariedade-social-de-nespereira.php
O Petiz  - A. Cult. Educ. Apoio à Criança,Lourinhã,lourinha,,,,,,,82,O PETIZ - ASSOCIAÇÃO CULTURAL E EDUCATIVA DE APOIO À CRIANÇA,https://www.primeiraimagem.com/o-petiz.php
Externato D. João VI,Falagueira,amadora,,,,,,,85,EXTERNATO JARDIM ESCOLA JOÃO DE DEUS,https://www.primeiraimagem.com/externato-d-joao-vi.php
Grupo de Amigos de Salir,Salir,loule,,,,,,,83,"GRUPO DESPORTIVO E RECREATIVO ""OS AMIGOS DE URGESES""",https://www.primeiraimagem.com/creche-do-centro-comunitario-de-saliro.php
C. Soc. Paroq. S. Vicente de Paulo,Campolide,lisboa,,,,,,,81,CENTRO SOCIAL PAROQUIAL DE SÃO VICENTE DE PAULO,https://www.primeiraimagem.com/centro-social-paroquial-sao-vicente-de-paulo.php
CPSBM - Estação dos Pequeninos,Alcantarilha,silves,,,,,,,80,AMIGOS DOS PEQUENINOS,https://www.primeiraimagem.com/estacao-dos-pequeninos.php
C. Soc. Paroq. Calhariz de Benfica,S. Domingos de Benfica,lisboa,,,,,,,81,CENTRO SOCIAL PAROQUIAL DO CALHARIZ DE BENFICA,https://www.primeiraimagem.com/centro-social-paroquial-calhariz-de-benfica.php
A Casinha da Aldeia - ASCT,Tôr,loule,,,,,,,80,EB ALDEIA,https://www.primeiraimagem.com/creche-a-casinha-da-aldeia.php
Associação Infantário J. Infância Chiquinha,Ajuda,lisboa,,,,,,,83,ASSOCIAÇÃO DE PAIS DO INFANTÁRIO E JARDIM-DE-INFÂNCIA DA ESCOLA PREPARATÓRIA DE OVAR,https://www.primeiraimagem.com/associacao-infantario-e-jardim-de-infancia-chiquinha.php
SCML - Estrada da Luz,S. Domingos de Benfica,lisboa,,,,,,,85,CRECHE DA ESTRADA DA LUZ,https://www.primeiraimagem.com/scml-creche-da-estrada-da-luz.php
SCML - CSP do Bairro das Furnas,S. Domingos de Benfica,lisboa,,,,,,,82,CENTRO SOCIAL POLIVALENTE DO BAIRRO DAS FURNAS,https://www.primeiraimagem.com/scml-csp-do-bairro-das-furnas.php
Assist. Infantil Freg. Santa Isabel,Campo de Ourique,lisboa,,,,,,,80,ASSISTÊNCIA INFANTIL DA FREGUESIA DE SANTA ISABEL,https://www.primeiraimagem.com/assistencia-infantil-da-freguesia-de-santa-isabel.php
Colégio Santa Eulália,Sanguedo,santa-maria-da-feira,,,,,,,84,COLÉGIO SANTA CRUZ,https://www.primeiraimagem.com/colegio-santa-eulalia.php
ADSC de Santana,Ferreira-a-Nova,figueira-da-foz,,,,,,,80,"ESCOLA BÁSICA DE SANTANA DA SERRA, OURIQUE",https://www.primeiraimagem.com/associacao-para-o-desenvolvimento-social-e-cultural-de-santana.php
Oga Mitá - Educação,Aldoar,porto,,,,,,,80,C&V EDUCAÇÃO,https://www.primeiraimagem.com/oga-mita.php
SCM Vila Flor,Vila Flor,vila-flor,,,,,,,82,JARDIM DE INFÂNCIA FLOR DE LIZ DE VILA FLOR,https://www.primeiraimagem.com/santa-casa-da-misericordia-de-vila-flor.php
J. Infantil Nª Senhora do Livramento,Bonfim,porto,,,,,,,81,LAR NOSSA SENHORA DO LIVRAMENTO,https://www.primeiraimagem.com/jardim-infanti-nossa-senhora-do-livramento.php
Externato S. João de Brito - EIPM,Ramalde,porto,,,,,,,85,EXTERNATO DE S. JOSÉ,https://www.primeiraimagem.com/externato-s-joao-de-brito.php
Centro Social e Paroquial de Mindelo,Mindelo,vila-do-conde,,,,,,,84,EQUIP. SOCIAL CENTRO SOCIAL  PAROQUIAL DE CAXINAS,https://www.primeiraimagem.com/centro-social-e-paroquial-de-mindelo.php
C. S. C. D. Olho Marinho,Olho Marinho,obidos,,,,,,,80,CENTRO SOCIAL E CULTURAL PARA O DESENVOLVIMENTO DO OLHO MARINHO,https://www.primeiraimagem.com/centro-social-e-cultural-para-o-desenvolvimento-de-olho-marinho.php
F.A.D.S. - C. Infantil de Montenegro,Montenegro,faro,,,,,,,81,CENTRO INFANTIL DE MONTENEGRO - CRECHE OS VIVAÇOS,https://www.primeiraimagem.com/centro-infantil-de-montenegro.php
Santa Casa da Misericórdia da Murtosa,Murtosa,murtosa,,,,,,,82,INFANTÁRIO DA MISERICÓRDIA DA MURTOSA,https://www.primeiraimagem.com/santa-casa-da-misericordia-da-murtosa.php
SCMM - C. Infância S. Jorge,Sarilhos Grandes,montijo,,,,,,,82,CENTRO DE INFÂNCIA DE S.JORGE,https://www.primeiraimagem.com/scmm-centro-de-infancia-s-jorge.php
SCMM - C. Infância Rainha Sta. Isabel,Afonsoeiro,montijo,,,,,,,82,CENTRO DE INFÂNCIA RAINHA  ST. ISABEL,https://www.primeiraimagem.com/scmm-centro-de-infancia-rainha-santa-isabel.php
S. C. M. Vale de Cambra,S. Pedro Castelões,vale-de-cambra,,,,,,,82,CRECHE DE BURGÃES (MISERICÓRDIA DE VALE DE CAMBRA),https://www.primeiraimagem.com/santa-casa-da-misericordia-de-vale-de-cambra.php
Casa do Povo de Arazede,Arazede,montemor-o-velho,,,,,,,83,CASA DO POVO DE CANHA,https://www.primeiraimagem.com/casa-do-povo-de-arazede.php
Centro Soc. Paróq. N. Senhora Ajuda,Lordelo do Ouro,porto,,,,,,,80,CENTRO SOCIAL DA PAROQUIA DE NOSSA SENHORA DA AJUDA,https://www.primeiraimagem.com/centro-social-da-paroquia-de-nossa-senhora-da-ajuda.php
C. S. P. Fonte de Angeão,Fonte de Angeão,vagos,,,,,,,83,CENTRO SOCIAL PAROQUIAL DE FONTE DE ANGEÃO,https://www.primeiraimagem.com/centro-social-paroquial-de-fonte-de-angeao.php
C. A. S. D. Santa Catarina,Santa Catarina,vagos,,,,,,,82,JI DE SANTA CATARINA,https://www.primeiraimagem.com/comissao-de-apoio-social-e-desenvolvimento-de-santa-catarina.php
SCML - CPS Rainha D. Leonor,São Vicente,lisboa,,,,,,,81,CRECHE RAINHA D. LEONOR,https://www.primeiraimagem.com/scml-cps-rainha-d-leonor.php
SCML - CPS da Alta de Lisboa,Santa Clara,lisboa,,,,,,,81,ESCOLA BÁSICA DA ALTA DE LISBOA,https://www.primeiraimagem.com/scml-cps-da-alta-de-lisboa.php
Anjos do Saber - Colégio,Matosinhos,matosinhos,,,,,,,84,COLÉGIO MINERVA - AVENTURA DO SABER,https://www.primeiraimagem.com/colegio-anjos-do-saber.php
S. C. M. Torres Vedras,Torres Vedras,torres-vedras,,,,,,,81,JARDIM ESCOLA JOÃO DE DEUS - TORRES VEDRAS,https://www.primeiraimagem.com/santa-casa-da-misericordia-de-torres-vedras.php
S.C.M.Porto de Mós,Porto de Mós,porto-de-mos,,,,,,,80,JARDIM DE INFÂNCIA DA SANTA CASA DA MISERICÓRDIA DE PORTO DE MÓS,https://www.primeiraimagem.com/santa-casa-da-misericordia-de-porto-de-mos.php
Lindos Carinhos - Creche,Marinha Grande,marinha-grande,,,,,,,81,LINDOS CARINHOS UNIPESSOAL LDA,https://www.primeiraimagem.com/lindos-carinhos-creche.php
As Pintinhas - SCMC,Cadaval,cadaval,,,,,,,83,CRECHE JARDIM INFÂNCIA  AS PINTINHAS,https://www.primeiraimagem.com/as-pintinhas.php
C. Soc. Rec. e Cultural da Maceira,Maceira,torres-vedras,,,,,,,82,ACADEMIA CULTURAL E SOCIAL DE MACEIRA,https://www.primeiraimagem.com/centro-social-recreativo-e-cultural-da-maceira.php
Jardim Infantil Majari - SDLONPC,Ameixoeira,lisboa,,,,,,,83,JARDIM INFANTIL COALA,https://www.primeiraimagem.com/jardim-infantil-majari.php
Sá de Miranda - Colégio,São Jorge de Arroios,lisboa,,,,,,,80,COLÉGIO DE GAIA,https://www.primeiraimagem.com/colegio-sa-de-miranda.php
Colégio Os Timoneiros,Lapas,torres-novas,,,,,,,80,COLÉGIO PRIMEIROS PASSOS,https://www.primeiraimagem.com/colegio-os-timoneiros.php
C. S. P. N.ª Senhora da Purificação,Assentis,torres-novas,,,,,,,81,INFANTÁRIO DE NOSSA SENHORA DA PURIFICAÇÃO,https://www.primeiraimagem.com/c-s-p-nossa-senhora-da-purificacao.php
S. C. M. Vizela,Vizela,vizela,,,,,,,80,"ESCOLA BÁSICA DO CRUZEIRO, VIZELA (S. JORGE)",https://www.primeiraimagem.com/santa-casa-da-misericordia-de-vilzela.php
S.C.M.P. - Creche de Santa Isabel,Peniche,peniche,,,,,,,80,CRECHE SANTA MARIA,https://www.primeiraimagem.com/creche-de-santa-isabel.php
Infantário da Pena - CSPP,Arroios,lisboa,,,,,,,80,INFANTÁRIO (CAPP),https://www.primeiraimagem.com/infantario-da-pena.php
Morangos Maia,Águas Santas,maia,,,,,,,81,MORANGO MÁGICO,https://www.primeiraimagem.com/morangos-maia.php
Centro Social Nª Senhora das Dores,Sta Catarina Fonte do Bispo,tavira,,,,,,,85,EQUIP. SOCIALDO CENTRO SOCIAL NOSSA SENHORA DAS NECESSIDADES DE ALCARIA,https://www.primeiraimagem.com/centro-social-nossa-senhora-das-dores.php
S.C.M. Vimeiro,Vimeiro,alcobaca,,,,,,,82,ESCOLA BÁSICA C/ JARDIM DE INFÂNCIA DO VIMEIRO,https://www.primeiraimagem.com/santa-casa-da-misericordia-de-vimeiro.php
A.S.C.P.,Chão da Parada,caldas-da-rainha,,,,,,,83,BALSA NOVA - A.S.C.D.R.,https://www.primeiraimagem.com/associacao-social-e-cultural-paradense.php
Colégio Leonardo da Vinci,São Vicente,braga,,,,,,,81,"EXTERNATO ""LEONARDO DA VINCI""",https://www.primeiraimagem.com/colegio-leonardo-da-vinci.php
O Pátio das Andorinhas - Colégio,Charneca de Caparica,almada,,,,,,,85,"EXTERNATO ""O PÁTIO DAS ANDORINHAS""",https://www.primeiraimagem.com/colegio-o-patio-das-andorinhas.php
ASSA - Alquerubim,Alquerubim,albergaria-a-velha,,,,,,,80,INFANTÁRIO DA ASSOCIAÇÃO DE SOLIDARIEDADE SOCIAL DE ALQUERUBIM,https://www.primeiraimagem.com/associacao-de-solidariedade-social-de-alquerubim.php
CASLAS - C. Infantil de São João,Lagos,lagos,,,,,,,82,CENTRO INFANTIL DE SÃO JOÃO DA MADEIRA,https://www.primeiraimagem.com/centro-infantil-de-sao-joao.php
C. D. S. C. de Martim Longo,Martim Longo,alcoutim,,,,,,,83,CENTRO DE ANIMAÇÃO INFANTIL DO CENTRO DESENVOLVIMENTO CULTURAL E SOCIAL MARTIM LONGO,https://www.primeiraimagem.com/centro-de-desenvolvimento-social-e-cultural-de-martim-longo.php
Externato O Cisne,Venteira,amadora,,,,,,,81,"EXTERNATO ""O NIAL""",https://www.primeiraimagem.com/externato-o-cisne.php
A Cidade dos Pequeninos,Pêra,silves,,,,,,,80,AMIGOS DOS PEQUENINOS,https://www.primeiraimagem.com/a-cidade-dos-pequeninos.php
Patronato Nª. Sra. das Dores,Travassô,agueda,,,,,,,84,PATRONATO DE NOSSA SENHORA DAS DORES,https://www.primeiraimagem.com/patronato-de-nossa-senhora-das-dores.php
S. C. M. Vieira do Minho,Vieira do Minho,vieira-do-minho,,,,,,,83,CRECHE / JARDIM DE INFÂNCIA / CATL SANTA CECÍLIA - SANTA CASA MISERICÓRDIA VIEIRA DO MINHO,https://www.primeiraimagem.com/santa-casa-da-misericordia-de-vieira-do-minho.php
SCMG - Casa S. João de Deus,Nogueira do Cravo,oliveira-do-hospital,,,,,,,83,COMPLEXO DA CASA SÃO JOÃO DE DEUS,https://www.primeiraimagem.com/santa-casa-da-misericordia-de-galizes.php
Colégio Imaculada Conceição,Gueifães,maia,,,,,,,83,OBRA DE PROMOÇÃO SOCIAL DA SAGRADA FAMÍLIA - CASA DA IMACULADA CONCEIÇÃO,https://www.primeiraimagem.com/colegio-externato-imaculada-conceicao.php
C. S. P. S. Pedro de Maceda,Maceda,ovar,,,,,,,83,CENTRO SOCIAL PAROQUIAL SÃO PEDRO DE MACEDA - INFANTÁRIO,https://www.primeiraimagem.com/centro-social-paroquial-sao-pedro-de-maceda.php
Jardim Infantil Chaborrilho - SDLONPC,Alto do Pina,lisboa,,,,,,,83,JARDIM INFANTIL COALA,https://www.primeiraimagem.com/jardim-infantil-chaborrilho.php
Colégio Parque dos Sorrisos,Pragal,almada,,,,,,,84,PARQUE DOS SORRISOS - PRAGAL,https://www.primeiraimagem.com/parque-dos-sorrisos-creche-e-j-infancia-pragal.php
Lápis e Cor - J. Infância AHAMA,Albergaria-a-Velha,albergaria-a-velha,,,,,,,83,"JARDIM DE INFÂNCIA ""LÁPIS E COR""",https://www.primeiraimagem.com/lapis-e-cor-jardim-de-iInfancia.php
A. P. Infantário Esc. Prep. Ovar,Ovar,ovar,,,,,,,83,INFANTÁRIO A  MIMI,https://www.primeiraimagem.com/associacao-pais-infantario-j-infancia-escola-preparat-ovar.php
Infantário﻿ Popular do Bonfim,Santa Maria da Graça,setubal,,,,,,,84,INFANTÁRIO DO POVO,https://www.primeiraimagem.com/infantario.popular-do.bonfim.php
C. S. P. S. João de Ovar,São João,ovar,,,,,,,80,CENTRO SOCIAL PAROQUIAL DE SÃO JOÃO DE OVAR,https://www.primeiraimagem.com/centro-social-e-paroquial-de-s-joao-de-ovar.php
Ondas de Alegria - J. Infância,Albufeira,albufeira,,,,,,,83,JARDIM DE INFÂNCIA E ESCOLA BÁSICA DO BAIRRO DA ALEGRIA,https://www.primeiraimagem.com/ondas-de-alegria-jardim-de-infancia.php
Frei Luís de Sousa - Externato,Cacilhas,almada,,,,,,,84,CRECHE FREI LUIS DE SOUSA,https://www.primeiraimagem.com/externato-frei-luis-de-sousa.php
C. I. Filhos de Santa Maria de Leuca,Fátima,ourem,,,,,,,80,CRECHE DE SANTA MARIA,https://www.primeiraimagem.com/c-i-filhos-de-santa-maria-de-leuca.php
Infantário O Girassol - AMPB,Santa Maria da Graça,setubal,,,,,,,83,INFANTÁRIO O AZUL,https://www.primeiraimagem.com/infantario-o-girassol.php
Externato Casa de Santa Ana,,setubal,,,,,,,83,EXTERNATO SANTA JOANA,https://www.primeiraimagem.com/externato-casa-de-santa-ana.php
SCML - CAI de S. José,Santo António,lisboa,,,,,,,85,CAI DE SÃO JOSÉ,https://www.primeiraimagem.com/scml-cai-de-s-jose.php
C. S. P. Santos Mártires,Sé,braganca,,,,,,,83,EQUIP. SOC. CENTRO SOCIAL PAROQUIAL SANTOS MÁRTIRES,https://www.primeiraimagem.com/csp-santos-martires.php
Casa da Criança do Rogil - Odeceixe,Odeceixe,aljezur,,,,,,,84,CASA DA CRIANÇA DO ROGIL - PÓLO DE ALJEZUR,https://www.primeiraimagem.com/casa-da-crianca-do-rogil-odeceixe.php
Fundação Vieira Gomes,Real,braga,,,,,,,83,FUNDAÇÃO ADOLFO VIEIRA DE BRITO,https://www.primeiraimagem.com/fundacao-vieira-gomes.php
S. C. M. Sever do Vouga,Sever do Vouga,sever-do-vouga,,,,,,,82,CRECHE DA SANTA CASA DE SEVER DO VOUGA,https://www.primeiraimagem.com/santa-casa-da-misericordia-de-sever-do-vouga.php
Fundação Bomfim - Colégio,Sé,braga,,,,,,,82,COLÉGIO DA GANDARINHA DA FUNDAÇÃO CONDESSA PENHA LONGA,https://www.primeiraimagem.com/fundacao-bomfim-colegio.php
CASLAS - C. Infantil da Luz,Luz,lagos,,,,,,,81,CENTRO INFANTIL DA LUZ,https://www.primeiraimagem.com/centro-infantil-da-luz.php
Cubo Mágico - CASP,Porches,lagoa,,,,,,,81,COLÉGIO INFANTIL CUBO MÁGICO,https://www.primeiraimagem.com/cubo-magico-porches.php
Vale Flor - IPSS O Sonho,São Sebastião,setubal,,,,,,,80,A FLOR,https://www.primeiraimagem.com/vale-flor-ipss-o-sonho.php
Infantário dos Piratas - CTCMA,Albufeira,albufeira,,,,,,,80,INFANTÁRIO (CAPP),https://www.primeiraimagem.com/infantario-dos-piratas.php
O Remendinho - Colégio,São Simão,setubal,,,,,,,81,COLÉGIO O CARINHO,https://www.primeiraimagem.com/colegio-o-remendinho.php
NucliSol - Bairro dos Loios,Marvila,lisboa,,,,,,,84,NUCLISOL JEAN PIAGET - CRECHE DOS LOIOS,https://www.primeiraimagem.com/nuclisol-jean-piaget-bairro-dos-loios.php
C. S. P. Sta. Eulália de Vale Maior,Valmaior,albergaria-a-velha,,,,,,,81,CENTRO SOCIAL PAROQUIAL DE SANTA EULÁLIA DE VALE MAIOR,https://www.primeiraimagem.com/centro-social-paroquial-de-santa-eulalia-de-vale-maior.php
Centro Comunitário dos Três Vales,Caparica,almada,,,,,,,84,CENTRO COMUNITÁRIO DA TÔR,https://www.primeiraimagem.com/centro-comunitario-dos-tres-vales.php
Colégio UmDóLiTá,Charneca de Caparica,almada,,,,,,,80,COLÉGIO UM DÓ LI TÁ,https://www.primeiraimagem.com/colegio-umdolita.php
C. Soc. Paroq. S. Vicente da Branca,Branca,albergaria-a-velha,,,,,,,82,CENTRO SOCIAL PAROQUIAL SÃO VICENTE DA BRANCA,https://www.primeiraimagem.com/centro-social-paroquial-s-vicente-da-branca.php
Mimá - Externato,Charneca,lisboa,,,,,,,83,"EXTERNATO ""ANITA""",https://www.primeiraimagem.com/externato-mima.php
Colégio Pátio da Brincadeira,Almada,almada,,,,,,,83,PÁTIO DA BRINCADEIRA - ACTIVIDADES EDUCATIVAS,https://www.primeiraimagem.com/colegio-patio-da-brincadeira.php
