id,nome,tipo,distrito,concelho,morada,codigo_postal,localidade,telefone,email,entidade_proprietaria,natureza_juridica,capacidade,utentes,horario,ultima_atualizacao
1807,CENTRO INFANTIL SANTA CASA DA MISERICÓRDIA DE ALTER DO CHÃO,Creche,Portalegre,Alter do Chão,"RUA DA MISERICÓRDIA, Nº 1",7440-045,ALTER DO CHÃO,245613070,creche@scmalter.pt,SANTA CASA DA MISERICÓRDIA DE ALTER DO CHÃO,Irmandade da Misericórdia / SCM,56,43,7:50 - 18:00,2025-01-21
1811,CRECHE NOSSA SENHORA ANJOS,Creche,Portalegre,Cabeço de Vide,LARGO D. MANUEL I,7460,CABEÇO DE VIDE,245634505,scmcvide@gmail.com,SANTA CASA DA MISERICÓRDIA DE CABEÇO DE VIDE,Irmandade da Misericórdia / SCM,25,14,7:30 - 18:00,2024-12-13
1817,CENTRO INFANTIL NOSSA SENHORA VILA VELHA,Creche,Portalegre,Fronteira,ESTRADA NACIONAL 245,7460,FRONTEIRA,245604450,santacasafronteira@sapo.pt,SANTA CASA DA MISERICÓRDIA DE FRONTEIRA,Irmandade da Misericórdia / SCM,45,18,8:00 - 18:00,2025-01-22
1820,INFANTÁRIO DA SANTA CASA DA MISERICÓRDIA DE AVIS,Creche,Portalegre,Avis,RUA ANTÓNIO ALBERTO FERREIRA FRANCO,7480-102,AVIS,242412533,santa.avis@mail.telepac.pt,SANTA CASA DA MISERICÓRDIA DE AVIS,Irmandade da Misericórdia / SCM,30,29,7:30 - 19:00,2025-01-30
1824,CRECHE CASA BRANCA,Creche,Portalegre,Casa Branca,LARGO CAMPO BOLA - CASA BRANCA,7470,SOUSEL,268539174,creche.casabranca@cmcsousel.pt,COMISSÃO MELHORAMENTOS CONCELHO DE SOUSEL,Associação de Solidariedade Social,25,19,7:00 - 18:30,2025-01-28
1817,CENTRO INFANTIL NOSSA SENHORA VILA VELHA,Jardim de Infância,Portalegre,Fronteira,ESTRADA NACIONAL 245,7460,FRONTEIRA,245604450,santacasafronteira@sapo.pt,SANTA CASA DA MISERICÓRDIA DE FRONTEIRA,Irmandade da Misericórdia / SCM,45,18,8:00 - 18:00,2025-01-22
1826,INFANTÁRIO D. ANITA,Jardim de Infância,Portalegre,Galveias,RUA COMENDADOR ASSIS RODA,7400-021,GALVEIAS,242983270,infantario.d.anita@sapo.pt,FUNDAÇÃO INFANTÁRIO DONA ANITA,Fundação de Solidariedade Social,20,17,7:30 - 19:00,2024-12-27
1828,EQUIP SOC DA SANTA CASA DA MISERICÓRDIA DE SOUSEL,Jardim de Infância,Portalegre,Sousel,RUA DAS IRMÃS CONCEPCIONISTAS AO SERVIÇO DOS POBRES,7470,SOUSEL,268554272,santacmsousel@sapo.pt,SANTA CASA DA MISERICÓRDIA DE SOUSEL,Irmandade da Misericórdia / SCM,50,37,7:45 - 18:00,2024-12-30
1831,JARDIM DE INFÂNCIA DA SANTA CASA DA MISERICÓRDIA DE PONTE DE SOR,Jardim de Infância,Portalegre,"União das freguesias de Ponte de Sor, Tramaga e Vale de Açor",AVENIDA GARIBALDINO ANDRADE,7400-222,PONTE DE SOR,242201532,geral@scmps.pt,SANTA CASA DA MISERICÓRDIA DE PONTE-DE-SOR,Irmandade da Misericórdia / SCM,136,117,7:30 - 19:00,2025-03-19
1835,JARDIM DE INFÂNCIA NOSSA SENHORA CONCEIÇÃO,Jardim de Infância,Portalegre,Montargil,PRACETA SALGUEIRO MAIA,7425-130,MONTARGIL,242900046,scmmontargil@gmail.com,SANTA CASA DA MISERICÓRDIA DE MONTARGIL,Irmandade da Misericórdia / SCM,25,20,7:30 - 19:00,2025-03-19
